{"is_source_file": false, "format": "", "description": "", "external_files": [], "external_methods": [], "published": [], "classes": [], "methods": [], "calls": [], "search-terms": [], "state": 2, "file_id": 10, "knowledge_revision": 31, "git_revision": "ebacef9dfd4fe3550c4b95111a0615d5fb9fba6c", "hash": "58b48ec178bde5aad76063577172ad24", "format-version": 4, "code-base-name": "calculator_mobile_frontend", "filename": "calculator_mobile_frontend/android/app/src/main/res/values/styles.xml", "revision_history": [{"31": "ebacef9dfd4fe3550c4b95111a0615d5fb9fba6c"}]}