{"is_source_file": false, "format": "", "description": "", "external_files": [], "external_methods": [], "published": [], "classes": [], "methods": [], "calls": [], "search-terms": [], "state": 2, "file_id": 3, "knowledge_revision": 21, "git_revision": "ebacef9dfd4fe3550c4b95111a0615d5fb9fba6c", "hash": "2228b3b4727947df9a4c15a8d1e8a1aa", "format-version": 4, "code-base-name": "calculator_mobile_frontend", "filename": "calculator_mobile_frontend/pubspec.yaml", "revision_history": [{"21": "ebacef9dfd4fe3550c4b95111a0615d5fb9fba6c"}]}