{"is_source_file": false, "format": "", "description": "", "external_files": [], "external_methods": [], "published": [], "classes": [], "methods": [], "calls": [], "search-terms": [], "state": 2, "file_id": 5, "knowledge_revision": 25, "git_revision": "ebacef9dfd4fe3550c4b95111a0615d5fb9fba6c", "hash": "66d03d7647c8e438164feaf5b922d44a", "format-version": 4, "code-base-name": "calculator_mobile_frontend", "filename": "calculator_mobile_frontend/analysis_options.yaml", "revision_history": [{"25": "ebacef9dfd4fe3550c4b95111a0615d5fb9fba6c"}]}