{"is_source_file": false, "format": "", "description": "", "external_files": [], "external_methods": [], "published": [], "classes": [], "methods": [], "calls": [], "search-terms": [], "state": 2, "file_id": 11, "knowledge_revision": 30, "git_revision": "ebacef9dfd4fe3550c4b95111a0615d5fb9fba6c", "hash": "79c59c987bd2e693cd741ec3035ef383", "format-version": 4, "code-base-name": "calculator_mobile_frontend", "filename": "calculator_mobile_frontend/android/app/src/main/res/drawable/launch_background.xml", "revision_history": [{"30": "ebacef9dfd4fe3550c4b95111a0615d5fb9fba6c"}]}