{"is_source_file": false, "format": "", "description": "", "external_files": [], "external_methods": [], "published": [], "classes": [], "methods": [], "calls": [], "search-terms": [], "state": 2, "file_id": 13, "knowledge_revision": 24, "git_revision": "ebacef9dfd4fe3550c4b95111a0615d5fb9fba6c", "hash": "feddd27a2f77ef486e2b7a420b1de43d", "format-version": 4, "code-base-name": "calculator_mobile_frontend", "filename": "calculator_mobile_frontend/android/app/src/main/res/values-night/styles.xml", "revision_history": [{"24": "ebacef9dfd4fe3550c4b95111a0615d5fb9fba6c"}]}