{"is_source_file": false, "format": null, "description": "", "external_files": [], "external_methods": [], "published": [], "classes": [], "methods": [], "calls": [], "search-terms": [], "state": 2, "file_id": 14, "knowledge_revision": 36, "git_revision": "ebacef9dfd4fe3550c4b95111a0615d5fb9fba6c", "hash": "ac1dad6fec40014c3c6cbbd849a880dc", "format-version": 4, "code-base-name": "calculator_mobile_frontend", "filename": "calculator_mobile_frontend/android/app/src/profile/AndroidManifest.xml", "revision_history": [{"36": "ebacef9dfd4fe3550c4b95111a0615d5fb9fba6c"}]}