{"is_source_file": false, "format": "", "description": "", "external_files": [], "external_methods": [], "published": [], "classes": [], "methods": [], "calls": [], "search-terms": [], "state": 2, "file_id": 18, "knowledge_revision": 33, "git_revision": "ebacef9dfd4fe3550c4b95111a0615d5fb9fba6c", "hash": "699579880a795350891cafc998a3ec79", "format-version": 4, "code-base-name": "calculator_mobile_frontend", "filename": "calculator_mobile_frontend/android/build.gradle.kts", "revision_history": [{"33": "ebacef9dfd4fe3550c4b95111a0615d5fb9fba6c"}]}