{"is_source_file": false, "format": "", "description": "", "external_files": [], "external_methods": [], "published": [], "classes": [], "methods": [], "calls": [], "search-terms": [], "state": 2, "file_id": 4, "knowledge_revision": 29, "git_revision": "ebacef9dfd4fe3550c4b95111a0615d5fb9fba6c", "hash": "81abb2a0995ae4b56c4c95100c615074", "format-version": 4, "code-base-name": "calculator_mobile_frontend", "filename": "calculator_mobile_frontend/README.md", "revision_history": [{"29": "ebacef9dfd4fe3550c4b95111a0615d5fb9fba6c"}]}