{"is_source_file": false, "format": "", "description": "", "external_files": [], "external_methods": [], "published": [], "classes": [], "methods": [], "calls": [], "search-terms": [], "state": 2, "file_id": 17, "knowledge_revision": 32, "git_revision": "ebacef9dfd4fe3550c4b95111a0615d5fb9fba6c", "hash": "683f9ca2f32a701ed1517715bf394e23", "format-version": 4, "code-base-name": "calculator_mobile_frontend", "filename": "calculator_mobile_frontend/android/settings.gradle.kts", "revision_history": [{"32": "ebacef9dfd4fe3550c4b95111a0615d5fb9fba6c"}]}