{"is_source_file": false, "format": "", "description": "", "external_files": [], "external_methods": [], "published": [], "classes": [], "methods": [], "calls": [], "search-terms": [], "state": 2, "file_id": 9, "knowledge_revision": 22, "git_revision": "ebacef9dfd4fe3550c4b95111a0615d5fb9fba6c", "hash": "17f1bb7189d4333d00995ec8ce2d2296", "format-version": 4, "code-base-name": "calculator_mobile_frontend", "filename": "calculator_mobile_frontend/android/app/src/main/AndroidManifest.xml", "revision_history": [{"22": "ebacef9dfd4fe3550c4b95111a0615d5fb9fba6c"}]}