{"is_source_file": true, "format": "Kotlin", "description": "MainActivity.kt defines the main activity for an Android app built with Flutter, extending FlutterActivity.", "external_files": ["io.flutter.embedding.android.FlutterActivity"], "external_methods": [], "published": ["com.example.calculator_mobile_frontend.MainActivity"], "classes": [{"name": "MainActivity", "description": "MainActivity class that extends FlutterActivity for Flutter app integration."}], "methods": [{"name": "MainActivity", "description": "Constructor for MainActivity, inherited from FlutterActivity, no custom implementation."}], "calls": [], "search-terms": ["MainActivity", "FlutterActivity", "Kotlin", "Android", "Flutter"], "state": 2, "file_id": 7, "knowledge_revision": 23, "git_revision": "ebacef9dfd4fe3550c4b95111a0615d5fb9fba6c", "hash": "5779c5ff9a5f465f914cf94fb2e1d738", "format-version": 4, "code-base-name": "calculator_mobile_frontend", "filename": "calculator_mobile_frontend/android/app/src/main/kotlin/com/example/calculator_mobile_frontend/MainActivity.kt", "revision_history": [{"23": "ebacef9dfd4fe3550c4b95111a0615d5fb9fba6c"}]}