{"is_source_file": false, "format": "", "description": "", "external_files": [], "external_methods": [], "published": [], "classes": [], "methods": [], "calls": [], "search-terms": [], "state": 2, "file_id": 16, "knowledge_revision": 35, "git_revision": "ebacef9dfd4fe3550c4b95111a0615d5fb9fba6c", "hash": "b3830bb3438a2944f122e5b0cc741914", "format-version": 4, "code-base-name": "calculator_mobile_frontend", "filename": "calculator_mobile_frontend/android/app/build.gradle.kts", "revision_history": [{"35": "ebacef9dfd4fe3550c4b95111a0615d5fb9fba6c"}]}