{"is_source_file": true, "format": "Java", "description": "This is a generated Java source file for Flutter plugin registration on Android, primarily used to register plugins with the Flutter engine.", "external_files": ["io.flutter.embedding.engine.FlutterEngine"], "external_methods": ["io.flutter.embedding.engine.FlutterEngine"], "published": ["registerWith"], "classes": [{"name": "GeneratedPluginRegistrant", "description": "A utility class auto-generated to handle the registration of Flutter plugins with the Android embedding engine."}], "methods": [{"name": "registerWith", "description": "Method to register plugins with a given FlutterEngine instance."}], "calls": [], "search-terms": ["GeneratedPluginRegistrant", "registerWith", "FlutterEngine", "plugin registration"], "state": 2, "file_id": 8, "knowledge_revision": 26, "git_revision": "", "hash": "5b3b418ce50367c33bded3c0df06d47f", "format-version": 4, "code-base-name": "calculator_mobile_frontend", "filename": "calculator_mobile_frontend/android/app/src/main/java/io/flutter/plugins/GeneratedPluginRegistrant.java", "revision_history": [{"26": ""}]}