{"is_source_file": false, "format": "", "description": "", "external_files": [], "external_methods": [], "published": [], "classes": [], "methods": [], "calls": [], "search-terms": [], "state": 2, "file_id": 12, "knowledge_revision": 37, "git_revision": "ebacef9dfd4fe3550c4b95111a0615d5fb9fba6c", "hash": "ab00f2bfdce1a5187d1ba31e9e68b921", "format-version": 4, "code-base-name": "calculator_mobile_frontend", "filename": "calculator_mobile_frontend/android/app/src/main/res/drawable-v21/launch_background.xml", "revision_history": [{"37": "ebacef9dfd4fe3550c4b95111a0615d5fb9fba6c"}]}