{"is_source_file": true, "format": "Dart", "description": "The main source file of a Flutter-based calculator app. Contains the main widget, theming setup, and the stateful calculator screen implementation with display and keypad logic.", "external_files": ["package:flutter/material.dart"], "external_methods": ["runApp", "MaterialApp", "ColorScheme.fromSeed", "Colors.white", "Colors.black", "Color", "WidgetStatePropertyAll", "RoundedRectangleBorder", "BorderSide", "Theme.of", "TextStyle", "Text", "Semantics", "Padding", "SafeArea", "Column", "Expanded", "Align", "Scaffold", "AppBar", "SizedBox", "Card", "Padding", "Row", "Key", "Border", "FilledButton", "BorderSide"], "published": ["main", "MyApp", "CalculatorScreen"], "classes": [{"name": "MyApp", "description": "The root widget that sets up theme and routes for the calculator app."}, {"name": "CalculatorScreen", "description": "A StatefulWidget representing the main calculator interface with display and keypad."}], "methods": [{"name": "build", "description": "Builds the main app widget with theming and routes."}, {"name": "createState", "description": "Creates the mutable state for the CalculatorScreen widget."}, {"name": "_CalculatorScreenState.build", "description": "Builds the UI for the calculator screen, including display and keypad."}, {"name": "_pressClear", "description": "Resets the calculator state to initial."}, {"name": "_pressDelete", "description": "Deletes the last character in the current expression."}, {"name": "_pressDigit", "description": "Handles input of digit characters."}, {"name": "_pressDecimal", "description": "Handles input of decimal point."}, {"name": "_pressOperator", "description": "Handles input of operator characters."}, {"name": "_pressEquals", "description": "Evaluates the current expression and updates display."}, {"name": "_evaluateExpression", "description": "Parses and evaluates the mathematical expression string."}, {"name": "_formatNumber", "description": "Formats a number for display, removing unnecessary decimals."}, {"name": "_sanitizeExpressionForEval", "description": "Converts display operators to evaluatable symbols."}, {"name": "_stripTrailingOperator", "description": "Removes trailing operator if present."}, {"name": "_currentNumberHasDecimal", "description": "Checks if current number segment contains a decimal point."}, {"name": "_isOperator", "description": "Checks if a string is a calculator operator."}, {"name": "_setError", "description": "Sets display to error state."}, {"name": "_digit", "description": "Creates a calculator digit button widget."}], "calls": ["runApp", "MaterialApp", "ColorScheme.fromSeed", "ThemeData", "ColorScheme", "Scaffold", "AppBar", "Padding", "Column", "Row", "_pressClear", "_pressDelete", "_pressDigit", "_pressDecimal", "_pressOperator", "_pressEquals", "_evaluateExpression"], "search-terms": ["calculator", "Flutter calculator app", "main.dart", "CalculatorScreen", "calc_display", "btn_clear", "btn_delete", "btn_divide", "btn_multiply", "btn_minus", "btn_plus", "btn_equals", "ThemeData", "ColorScheme", "calculator keypad", "expression evaluation", "number formatting"], "state": 2, "file_id": 6, "knowledge_revision": 38, "git_revision": "", "revision_history": [{"28": ""}, {"38": ""}], "hash": "89c4eeb0dc9675003a29ba3901cbe120", "format-version": 4, "code-base-name": "calculator_mobile_frontend", "filename": "calculator_mobile_frontend/lib/main.dart"}