{"is_source_file": false, "format": "", "description": "", "external_files": [], "external_methods": [], "published": [], "classes": [], "methods": [], "calls": [], "search-terms": [], "state": 2, "file_id": 1, "knowledge_revision": 20, "git_revision": "4e73182603df03f7dd5d481f45316febe308f741", "hash": "f8813ca673b3be204686f037b9adc920", "format-version": 4, "code-base-name": "calculator_mobile_frontend", "filename": "README.md", "revision_history": [{"20": "4e73182603df03f7dd5d481f45316febe308f741"}]}